{"DelinquencySeverityScore":0.6547535154,"RevolvingUtilizationOfUnsecuredLines":0.1729269297,"TotalDelinquencies":0.0411578483,"CreditLineDensity":0.0238929842,"age":0.0185787366,"DisposableIncome":0.0150199143,"NumberRealEstateLoansOrLines":0.0149724966,"DebtRatio":0.0143207123,"MonthlyIncome":0.0116081782,"NumberOfTime30-59DaysPastDueNotWorse":0.011386569,"NumberOfOpenCreditLinesAndLoans":0.0083967074,"EstimatedMonthlyDebt":0.0083756794,"NumberOfDependents":0.0023021147,"NumberOfTimes90DaysLate":0.0015453737,"NumberOfTime60-89DaysPastDueNotWorse":0.0007622401}